id,lat,lng,status,status_label,location,region,city
1,28.082742,73.096255,2,Unsafe,Bikaner Zone #1,Bikaner Zone,Bikaner
2,27.918763,73.185445,2,Unsafe,Bikaner Zone #2,Bikaner Zone,Bikaner
3,28.126412,73.389515,2,Unsafe,Bikaner Zone #3,Bikaner Zone,Bikaner
4,28.196481,73.124122,2,Unsafe,Bikaner Zone #4,Bikaner Zone,Bikaner
5,27.914865,73.338409,2,Unsafe,Rajasthan Border #5,Rajasthan Border,Rajasthan
6,27.823387,73.55241,2,Unsafe,Rajasthan Border #6,Rajasthan Border,Rajasthan
7,27.736941,73.414477,2,Unsafe,Rajasthan Border #7,Rajasthan Border,Rajasthan
8,29.467448,71.700224,2,Unsafe,Bahawalpur Zone #8,Bahawalpur Zone,Bahawalpur
9,29.274198,71.72017,2,Unsafe,Bahawalpur Zone #9,Bahawalpur Zone,Bahawalpur
10,29.539244,71.457924,2,Unsafe,Bahawalpur Zone #10,Bahawalpur Zone,Bahawalpur
11,30.287619,71.609163,2,Unsafe,Multan Zone #11,Multan Zone,Multan
12,30.078113,71.364966,2,Unsafe,Multan Zone #12,Multan Zone,Multan
13,25.605746,68.276468,2,Unsafe,Hyderabad Zone #13,Hyderabad Zone,Hyderabad
14,25.216736,68.168522,2,Unsafe,Hyderabad Zone #14,Hyderabad Zone,Hyderabad
15,25.556372,68.396677,2,Unsafe,Hyderabad Zone #15,Hyderabad Zone,Hyderabad
16,25.038208,67.203379,2,Unsafe,Karachi Zone #16,Karachi Zone,Karachi
17,24.916303,67.312902,2,Unsafe,Karachi Zone #17,Karachi Zone,Karachi
18,26.19534,68.323418,2,Unsafe,Sindh Interior #18,Sindh Interior,Sindh
19,26.398232,68.353334,2,Unsafe,Sindh Interior #19,Sindh Interior,Sindh
20,31.612768,74.334808,2,Unsafe,Lahore Zone #20,Lahore Zone,Lahore
21,28.642057,76.945621,2,Unsafe,Delhi / NCR #21,Delhi / NCR,Delhi
22,27.897554,73.215225,2,Unsafe,Bikaner Zone #22,Bikaner Zone,Bikaner
23,27.830906,73.189756,1,Safe,Bikaner Zone #23,Bikaner Zone,Bikaner
24,27.840451,73.210088,1,Safe,Bikaner Zone #24,Bikaner Zone,Bikaner
25,28.081058,73.249174,2,Unsafe,Bikaner Zone #25,Bikaner Zone,Bikaner
26,27.891581,73.419278,1,Safe,Rajasthan Border #26,Rajasthan Border,Rajasthan
27,27.84514,73.746495,1,Safe,Rajasthan Border #27,Rajasthan Border,Rajasthan
28,28.016616,73.599109,1,Safe,Rajasthan Border #28,Rajasthan Border,Rajasthan
29,29.252012,71.783107,1,Safe,Bahawalpur Zone #29,Bahawalpur Zone,Bahawalpur
30,29.248531,71.625755,1,Safe,Bahawalpur Zone #30,Bahawalpur Zone,Bahawalpur
31,29.620286,71.743,1,Safe,Bahawalpur Zone #31,Bahawalpur Zone,Bahawalpur
32,30.175627,71.603076,1,Safe,Multan Zone #32,Multan Zone,Multan
33,30.304283,71.6442,1,Safe,Multan Zone #33,Multan Zone,Multan
34,25.278072,68.139445,1,Safe,Hyderabad Zone #34,Hyderabad Zone,Hyderabad
35,25.316954,68.245483,1,Safe,Hyderabad Zone #35,Hyderabad Zone,Hyderabad
36,25.269942,68.549309,1,Safe,Hyderabad Zone #36,Hyderabad Zone,Hyderabad
37,25.069365,67.016605,1,Safe,Karachi Zone #37,Karachi Zone,Karachi
38,24.969947,67.053034,1,Safe,Karachi Zone #38,Karachi Zone,Karachi
39,26.436546,68.281483,1,Safe,Sindh Interior #39,Sindh Interior,Sindh
40,26.144196,68.185982,1,Safe,Sindh Interior #40,Sindh Interior,Sindh
41,31.477616,74.193234,1,Safe,Lahore Zone #41,Lahore Zone,Lahore
42,28.588064,77.32902,1,Safe,Delhi / NCR #42,Delhi / NCR,Delhi
43,27.97473,73.183694,1,Safe,Bikaner Zone #43,Bikaner Zone,Bikaner
44,28.243892,73.314287,1,Safe,Bikaner Zone #44,Bikaner Zone,Bikaner
45,27.835909,73.106202,1,Safe,Bikaner Zone #45,Bikaner Zone,Bikaner
46,27.844342,73.367351,2,Unsafe,Bikaner Zone #46,Bikaner Zone,Bikaner
47,28.081436,73.514972,1,Safe,Rajasthan Border #47,Rajasthan Border,Rajasthan
48,27.753587,73.496729,1,Safe,Rajasthan Border #48,Rajasthan Border,Rajasthan
49,28.173255,73.563101,1,Safe,Rajasthan Border #49,Rajasthan Border,Rajasthan
50,29.611985,71.842351,1,Safe,Bahawalpur Zone #50,Bahawalpur Zone,Bahawalpur
51,29.180166,71.779325,1,Safe,Bahawalpur Zone #51,Bahawalpur Zone,Bahawalpur
52,29.48177,71.696637,1,Safe,Bahawalpur Zone #52,Bahawalpur Zone,Bahawalpur
53,30.045071,71.583433,1,Safe,Multan Zone #53,Multan Zone,Multan
54,29.975198,71.490644,1,Safe,Multan Zone #54,Multan Zone,Multan
55,25.379176,68.554217,1,Safe,Hyderabad Zone #55,Hyderabad Zone,Hyderabad
56,25.569134,68.243525,1,Safe,Hyderabad Zone #56,Hyderabad Zone,Hyderabad
57,25.400264,68.205393,1,Safe,Hyderabad Zone #57,Hyderabad Zone,Hyderabad
58,25.085683,67.266733,1,Safe,Karachi Zone #58,Karachi Zone,Karachi
59,24.8093,67.162527,1,Safe,Karachi Zone #59,Karachi Zone,Karachi
60,26.299037,68.143778,1,Safe,Sindh Interior #60,Sindh Interior,Sindh
61,26.36813,68.317721,1,Safe,Sindh Interior #61,Sindh Interior,Sindh
62,31.575382,74.313659,2,Unsafe,Lahore Zone #62,Lahore Zone,Lahore
63,28.325257,77.07087,1,Safe,Delhi / NCR #63,Delhi / NCR,Delhi
64,27.803765,73.503094,1,Safe,Bikaner Zone #64,Bikaner Zone,Bikaner
65,28.190425,73.459249,1,Safe,Bikaner Zone #65,Bikaner Zone,Bikaner
66,27.933381,73.111066,1,Safe,Bikaner Zone #66,Bikaner Zone,Bikaner
67,28.190104,73.511127,1,Safe,Bikaner Zone #67,Bikaner Zone,Bikaner
68,27.763544,73.543696,1,Safe,Rajasthan Border #68,Rajasthan Border,Rajasthan
69,27.756146,73.667271,1,Safe,Rajasthan Border #69,Rajasthan Border,Rajasthan
70,28.069625,73.382776,1,Safe,Rajasthan Border #70,Rajasthan Border,Rajasthan
71,29.388877,71.702412,1,Safe,Bahawalpur Zone #71,Bahawalpur Zone,Bahawalpur
72,29.294275,71.847595,1,Safe,Bahawalpur Zone #72,Bahawalpur Zone,Bahawalpur
73,29.365412,71.550309,2,Unsafe,Bahawalpur Zone #73,Bahawalpur Zone,Bahawalpur
74,30.167683,71.623469,1,Safe,Multan Zone #74,Multan Zone,Multan
75,30.015518,71.435272,1,Safe,Multan Zone #75,Multan Zone,Multan
76,25.622817,68.417445,1,Safe,Hyderabad Zone #76,Hyderabad Zone,Hyderabad
77,25.372145,68.357909,1,Safe,Hyderabad Zone #77,Hyderabad Zone,Hyderabad
78,25.229452,68.226114,1,Safe,Hyderabad Zone #78,Hyderabad Zone,Hyderabad
79,24.827139,67.139739,1,Safe,Karachi Zone #79,Karachi Zone,Karachi
80,24.778552,66.974098,1,Safe,Karachi Zone #80,Karachi Zone,Karachi
81,26.056947,68.358996,2,Unsafe,Sindh Interior #81,Sindh Interior,Sindh
82,26.128024,68.482439,1,Safe,Sindh Interior #82,Sindh Interior,Sindh
83,31.611836,74.106886,2,Unsafe,Lahore Zone #83,Lahore Zone,Lahore
84,28.432102,77.22604,1,Safe,Delhi / NCR #84,Delhi / NCR,Delhi
85,27.891407,73.14454,1,Safe,Bikaner Zone #85,Bikaner Zone,Bikaner
86,28.215981,73.341969,1,Safe,Bikaner Zone #86,Bikaner Zone,Bikaner
87,28.007702,73.438079,1,Safe,Bikaner Zone #87,Bikaner Zone,Bikaner
88,28.158374,73.170684,2,Unsafe,Bikaner Zone #88,Bikaner Zone,Bikaner
89,27.768619,73.518973,1,Safe,Rajasthan Border #89,Rajasthan Border,Rajasthan
90,27.91561,73.535161,1,Safe,Rajasthan Border #90,Rajasthan Border,Rajasthan
91,28.053084,73.628014,1,Safe,Rajasthan Border #91,Rajasthan Border,Rajasthan
92,29.617874,71.499288,1,Safe,Bahawalpur Zone #92,Bahawalpur Zone,Bahawalpur
93,29.35618,71.607686,1,Safe,Bahawalpur Zone #93,Bahawalpur Zone,Bahawalpur
94,29.562753,71.566895,1,Safe,Bahawalpur Zone #94,Bahawalpur Zone,Bahawalpur
95,30.010594,71.496876,1,Safe,Multan Zone #95,Multan Zone,Multan
96,30.114847,71.420345,1,Safe,Multan Zone #96,Multan Zone,Multan
97,25.287413,68.54047,2,Unsafe,Hyderabad Zone #97,Hyderabad Zone,Hyderabad
98,25.374409,68.512607,1,Safe,Hyderabad Zone #98,Hyderabad Zone,Hyderabad
99,25.422646,68.147765,1,Safe,Hyderabad Zone #99,Hyderabad Zone,Hyderabad
100,25.124677,67.251212,1,Safe,Karachi Zone #100,Karachi Zone,Karachi
101,25.111048,67.291865,1,Safe,Karachi Zone #101,Karachi Zone,Karachi
102,26.406913,68.14984,1,Safe,Sindh Interior #102,Sindh Interior,Sindh
103,26.243539,68.171186,1,Safe,Sindh Interior #103,Sindh Interior,Sindh
104,31.405468,74.101386,1,Safe,Lahore Zone #104,Lahore Zone,Lahore
105,28.495538,77.368389,1,Safe,Delhi / NCR #105,Delhi / NCR,Delhi
106,27.914341,73.437832,1,Safe,Bikaner Zone #106,Bikaner Zone,Bikaner
107,27.999754,73.275353,1,Safe,Bikaner Zone #107,Bikaner Zone,Bikaner
108,28.225793,73.53294,2,Unsafe,Bikaner Zone #108,Bikaner Zone,Bikaner
109,28.045096,73.408284,1,Safe,Bikaner Zone #109,Bikaner Zone,Bikaner
110,27.794659,73.458519,1,Safe,Rajasthan Border #110,Rajasthan Border,Rajasthan
111,28.160919,73.585631,1,Safe,Rajasthan Border #111,Rajasthan Border,Rajasthan
112,27.968988,73.661589,2,Unsafe,Rajasthan Border #112,Rajasthan Border,Rajasthan
113,29.200724,71.71788,1,Safe,Bahawalpur Zone #113,Bahawalpur Zone,Bahawalpur
114,29.401283,71.838724,1,Safe,Bahawalpur Zone #114,Bahawalpur Zone,Bahawalpur
115,29.245845,71.887351,1,Safe,Bahawalpur Zone #115,Bahawalpur Zone,Bahawalpur
116,29.96105,71.378621,1,Safe,Multan Zone #116,Multan Zone,Multan
117,30.192766,71.598846,2,Unsafe,Multan Zone #117,Multan Zone,Multan
118,25.280842,68.178949,1,Safe,Hyderabad Zone #118,Hyderabad Zone,Hyderabad
119,25.575629,68.235797,1,Safe,Hyderabad Zone #119,Hyderabad Zone,Hyderabad
120,25.442534,68.403722,1,Safe,Hyderabad Zone #120,Hyderabad Zone,Hyderabad
121,24.863651,67.137653,1,Safe,Karachi Zone #121,Karachi Zone,Karachi
122,24.910252,67.295618,1,Safe,Karachi Zone #122,Karachi Zone,Karachi
123,26.116917,68.397286,1,Safe,Sindh Interior #123,Sindh Interior,Sindh
124,26.132409,68.253104,1,Safe,Sindh Interior #124,Sindh Interior,Sindh
125,31.527261,74.209999,1,Safe,Lahore Zone #125,Lahore Zone,Lahore
126,28.46728,77.263339,1,Safe,Delhi / NCR #126,Delhi / NCR,Delhi
127,27.827644,73.291228,1,Safe,Bikaner Zone #127,Bikaner Zone,Bikaner
128,28.244304,73.533243,1,Safe,Bikaner Zone #128,Bikaner Zone,Bikaner
129,27.827967,73.180919,1,Safe,Bikaner Zone #129,Bikaner Zone,Bikaner
130,27.91434,73.504967,2,Unsafe,Bikaner Zone #130,Bikaner Zone,Bikaner
131,28.121389,73.720672,1,Safe,Rajasthan Border #131,Rajasthan Border,Rajasthan
132,27.891287,73.395986,1,Safe,Rajasthan Border #132,Rajasthan Border,Rajasthan
133,28.100185,73.641593,1,Safe,Rajasthan Border #133,Rajasthan Border,Rajasthan
134,29.450255,71.899255,1,Safe,Bahawalpur Zone #134,Bahawalpur Zone,Bahawalpur
135,29.469289,71.45852,2,Unsafe,Bahawalpur Zone #135,Bahawalpur Zone,Bahawalpur
136,29.542697,71.58972,1,Safe,Bahawalpur Zone #136,Bahawalpur Zone,Bahawalpur
137,30.223525,71.717519,1,Safe,Multan Zone #137,Multan Zone,Multan
138,29.985431,71.346943,1,Safe,Multan Zone #138,Multan Zone,Multan
139,25.223166,68.373951,1,Safe,Hyderabad Zone #139,Hyderabad Zone,Hyderabad
140,25.297557,68.397173,1,Safe,Hyderabad Zone #140,Hyderabad Zone,Hyderabad
141,25.497925,68.216619,1,Safe,Hyderabad Zone #141,Hyderabad Zone,Hyderabad
142,24.960407,66.993793,1,Safe,Karachi Zone #142,Karachi Zone,Karachi
143,24.894839,67.282401,2,Unsafe,Karachi Zone #143,Karachi Zone,Karachi
144,26.405747,68.116534,1,Safe,Sindh Interior #144,Sindh Interior,Sindh
145,26.215609,68.199506,1,Safe,Sindh Interior #145,Sindh Interior,Sindh
146,31.226596,74.422004,1,Safe,Lahore Zone #146,Lahore Zone,Lahore
147,28.611701,77.04288,1,Safe,Delhi / NCR #147,Delhi / NCR,Delhi
148,28.128554,73.333256,1,Safe,Bikaner Zone #148,Bikaner Zone,Bikaner
149,27.987459,73.089351,1,Safe,Bikaner Zone #149,Bikaner Zone,Bikaner
150,27.82886,73.482398,2,Unsafe,Bikaner Zone #150,Bikaner Zone,Bikaner
151,28.201768,73.330516,2,Unsafe,Bikaner Zone #151,Bikaner Zone,Bikaner
152,28.100568,73.587129,1,Safe,Rajasthan Border #152,Rajasthan Border,Rajasthan
153,27.791642,73.38235,1,Safe,Rajasthan Border #153,Rajasthan Border,Rajasthan
154,27.863716,73.729542,1,Safe,Rajasthan Border #154,Rajasthan Border,Rajasthan
155,29.533255,71.842316,1,Safe,Bahawalpur Zone #155,Bahawalpur Zone,Bahawalpur
156,29.579516,71.549534,2,Unsafe,Bahawalpur Zone #156,Bahawalpur Zone,Bahawalpur
157,29.287288,71.501257,1,Safe,Bahawalpur Zone #157,Bahawalpur Zone,Bahawalpur
158,30.276052,71.692861,1,Safe,Multan Zone #158,Multan Zone,Multan
159,30.10787,71.574298,1,Safe,Multan Zone #159,Multan Zone,Multan
160,25.244549,68.543446,1,Safe,Hyderabad Zone #160,Hyderabad Zone,Hyderabad
161,25.564073,68.564293,2,Unsafe,Hyderabad Zone #161,Hyderabad Zone,Hyderabad
162,25.539847,68.521637,2,Unsafe,Hyderabad Zone #162,Hyderabad Zone,Hyderabad
163,24.686154,67.206454,1,Safe,Karachi Zone #163,Karachi Zone,Karachi
164,24.824483,67.293867,2,Unsafe,Karachi Zone #164,Karachi Zone,Karachi
165,26.386006,68.463829,2,Unsafe,Sindh Interior #165,Sindh Interior,Sindh
166,26.389837,68.195063,1,Safe,Sindh Interior #166,Sindh Interior,Sindh
167,31.579319,74.123643,2,Unsafe,Lahore Zone #167,Lahore Zone,Lahore
168,28.717475,77.311367,2,Unsafe,Delhi / NCR #168,Delhi / NCR,Delhi
169,27.895095,73.452464,2,Unsafe,Bikaner Zone #169,Bikaner Zone,Bikaner
170,28.002136,73.222336,2,Unsafe,Bikaner Zone #170,Bikaner Zone,Bikaner
171,28.152905,73.187418,2,Unsafe,Bikaner Zone #171,Bikaner Zone,Bikaner
172,27.805649,73.171908,1,Safe,Bikaner Zone #172,Bikaner Zone,Bikaner
173,27.872718,73.713959,2,Unsafe,Rajasthan Border #173,Rajasthan Border,Rajasthan
174,28.1601,73.450606,2,Unsafe,Rajasthan Border #174,Rajasthan Border,Rajasthan
175,28.013667,73.504855,2,Unsafe,Rajasthan Border #175,Rajasthan Border,Rajasthan
176,29.616517,71.696297,2,Unsafe,Bahawalpur Zone #176,Bahawalpur Zone,Bahawalpur
177,29.597657,71.506904,2,Unsafe,Bahawalpur Zone #177,Bahawalpur Zone,Bahawalpur
178,29.61168,71.535356,1,Safe,Bahawalpur Zone #178,Bahawalpur Zone,Bahawalpur
179,30.35814,71.41446,1,Safe,Multan Zone #179,Multan Zone,Multan
180,29.973781,71.490554,2,Unsafe,Multan Zone #180,Multan Zone,Multan
181,25.502845,68.266155,1,Safe,Hyderabad Zone #181,Hyderabad Zone,Hyderabad
182,25.447794,68.35514,2,Unsafe,Hyderabad Zone #182,Hyderabad Zone,Hyderabad
183,25.348338,68.384465,2,Unsafe,Hyderabad Zone #183,Hyderabad Zone,Hyderabad
184,24.789625,67.193953,2,Unsafe,Karachi Zone #184,Karachi Zone,Karachi
185,24.675761,67.291509,2,Unsafe,Karachi Zone #185,Karachi Zone,Karachi
186,26.267303,68.398743,2,Unsafe,Sindh Interior #186,Sindh Interior,Sindh
187,26.358878,68.376783,2,Unsafe,Sindh Interior #187,Sindh Interior,Sindh
188,31.3889,74.106488,2,Unsafe,Lahore Zone #188,Lahore Zone,Lahore
189,28.623907,77.07359,2,Unsafe,Delhi / NCR #189,Delhi / NCR,Delhi
190,27.936262,73.466607,1,Safe,Bikaner Zone #190,Bikaner Zone,Bikaner
191,28.118889,73.220145,2,Unsafe,Bikaner Zone #191,Bikaner Zone,Bikaner
192,27.934178,73.268777,2,Unsafe,Bikaner Zone #192,Bikaner Zone,Bikaner
193,27.97608,73.218045,2,Unsafe,Bikaner Zone #193,Bikaner Zone,Bikaner
194,27.78228,73.514201,2,Unsafe,Rajasthan Border #194,Rajasthan Border,Rajasthan
195,28.148164,73.629793,2,Unsafe,Rajasthan Border #195,Rajasthan Border,Rajasthan
196,28.131262,73.601982,2,Unsafe,Rajasthan Border #196,Rajasthan Border,Rajasthan
197,29.310427,71.701572,2,Unsafe,Bahawalpur Zone #197,Bahawalpur Zone,Bahawalpur
198,29.175183,71.584111,2,Unsafe,Bahawalpur Zone #198,Bahawalpur Zone,Bahawalpur
199,29.36845,71.715993,2,Unsafe,Bahawalpur Zone #199,Bahawalpur Zone,Bahawalpur
200,30.219618,71.504245,2,Unsafe,Multan Zone #200,Multan Zone,Multan
201,30.123972,71.391166,2,Unsafe,Multan Zone #201,Multan Zone,Multan
202,25.387934,68.530531,1,Safe,Hyderabad Zone #202,Hyderabad Zone,Hyderabad
203,25.533211,68.201361,2,Unsafe,Hyderabad Zone #203,Hyderabad Zone,Hyderabad
204,25.213158,68.356953,2,Unsafe,Hyderabad Zone #204,Hyderabad Zone,Hyderabad
205,24.959823,67.025835,2,Unsafe,Karachi Zone #205,Karachi Zone,Karachi
206,25.043291,67.213012,2,Unsafe,Karachi Zone #206,Karachi Zone,Karachi
207,26.327758,68.176088,2,Unsafe,Sindh Interior #207,Sindh Interior,Sindh
208,26.114608,68.085991,1,Safe,Sindh Interior #208,Sindh Interior,Sindh
209,31.335179,74.288811,2,Unsafe,Lahore Zone #209,Lahore Zone,Lahore
210,28.707382,76.957773,1,Safe,Delhi / NCR #210,Delhi / NCR,Delhi
211,27.981498,73.368394,1,Safe,Bikaner Zone #211,Bikaner Zone,Bikaner
212,27.882496,73.398359,2,Unsafe,Bikaner Zone #212,Bikaner Zone,Bikaner
213,28.01747,73.194793,2,Unsafe,Bikaner Zone #213,Bikaner Zone,Bikaner
214,28.090226,73.087495,2,Unsafe,Bikaner Zone #214,Bikaner Zone,Bikaner
215,28.062934,73.671521,2,Unsafe,Rajasthan Border #215,Rajasthan Border,Rajasthan
216,27.772964,73.516316,2,Unsafe,Rajasthan Border #216,Rajasthan Border,Rajasthan
217,27.804149,73.756085,2,Unsafe,Rajasthan Border #217,Rajasthan Border,Rajasthan
218,29.408081,71.477598,2,Unsafe,Bahawalpur Zone #218,Bahawalpur Zone,Bahawalpur
219,29.287139,71.836751,2,Unsafe,Bahawalpur Zone #219,Bahawalpur Zone,Bahawalpur
220,29.380408,71.815637,2,Unsafe,Bahawalpur Zone #220,Bahawalpur Zone,Bahawalpur
221,30.22541,71.739552,2,Unsafe,Multan Zone #221,Multan Zone,Multan
222,30.192954,71.722518,2,Unsafe,Multan Zone #222,Multan Zone,Multan
223,25.576142,68.400694,2,Unsafe,Hyderabad Zone #223,Hyderabad Zone,Hyderabad
224,25.498673,68.35215,2,Unsafe,Hyderabad Zone #224,Hyderabad Zone,Hyderabad
225,25.548756,68.371542,2,Unsafe,Hyderabad Zone #225,Hyderabad Zone,Hyderabad
226,25.078744,67.209645,2,Unsafe,Karachi Zone #226,Karachi Zone,Karachi
227,24.888603,66.991636,2,Unsafe,Karachi Zone #227,Karachi Zone,Karachi
228,26.136258,68.361948,2,Unsafe,Sindh Interior #228,Sindh Interior,Sindh
229,26.369616,68.309585,2,Unsafe,Sindh Interior #229,Sindh Interior,Sindh
230,31.507037,74.198569,2,Unsafe,Lahore Zone #230,Lahore Zone,Lahore
231,28.359868,77.053578,1,Safe,Delhi / NCR #231,Delhi / NCR,Delhi
232,27.917272,73.228869,2,Unsafe,Bikaner Zone #232,Bikaner Zone,Bikaner
233,28.038069,73.147268,2,Unsafe,Bikaner Zone #233,Bikaner Zone,Bikaner
234,27.899068,73.397277,2,Unsafe,Bikaner Zone #234,Bikaner Zone,Bikaner
235,28.112889,73.113903,2,Unsafe,Bikaner Zone #235,Bikaner Zone,Bikaner
236,27.90842,73.569175,2,Unsafe,Rajasthan Border #236,Rajasthan Border,Rajasthan
237,27.912098,73.418075,2,Unsafe,Rajasthan Border #237,Rajasthan Border,Rajasthan
238,27.914065,73.732177,2,Unsafe,Rajasthan Border #238,Rajasthan Border,Rajasthan
239,29.437836,71.767985,2,Unsafe,Bahawalpur Zone #239,Bahawalpur Zone,Bahawalpur
240,29.560529,71.799518,2,Unsafe,Bahawalpur Zone #240,Bahawalpur Zone,Bahawalpur
241,29.346171,71.457653,2,Unsafe,Bahawalpur Zone #241,Bahawalpur Zone,Bahawalpur
242,30.083291,71.634064,1,Safe,Multan Zone #242,Multan Zone,Multan
243,30.309052,71.724044,2,Unsafe,Multan Zone #243,Multan Zone,Multan
244,25.36356,68.461382,2,Unsafe,Hyderabad Zone #244,Hyderabad Zone,Hyderabad
245,25.42076,68.396464,2,Unsafe,Hyderabad Zone #245,Hyderabad Zone,Hyderabad
246,25.274242,68.22374,2,Unsafe,Hyderabad Zone #246,Hyderabad Zone,Hyderabad
247,24.871126,66.888061,2,Unsafe,Karachi Zone #247,Karachi Zone,Karachi
248,24.826258,67.180614,2,Unsafe,Karachi Zone #248,Karachi Zone,Karachi
249,26.206943,68.14927,2,Unsafe,Sindh Interior #249,Sindh Interior,Sindh
250,26.235326,68.132433,1,Safe,Sindh Interior #250,Sindh Interior,Sindh
251,31.505016,74.087135,2,Unsafe,Lahore Zone #251,Lahore Zone,Lahore
252,28.502309,77.178976,2,Unsafe,Delhi / NCR #252,Delhi / NCR,Delhi
253,27.807196,73.374237,2,Unsafe,Bikaner Zone #253,Bikaner Zone,Bikaner
254,27.856065,73.292764,2,Unsafe,Bikaner Zone #254,Bikaner Zone,Bikaner
255,27.817628,73.255597,2,Unsafe,Bikaner Zone #255,Bikaner Zone,Bikaner
256,27.890247,73.232081,1,Safe,Bikaner Zone #256,Bikaner Zone,Bikaner
257,28.067553,73.495607,2,Unsafe,Rajasthan Border #257,Rajasthan Border,Rajasthan
258,28.063404,73.699366,2,Unsafe,Rajasthan Border #258,Rajasthan Border,Rajasthan
259,27.838522,73.361858,2,Unsafe,Rajasthan Border #259,Rajasthan Border,Rajasthan
260,29.183722,71.697739,2,Unsafe,Bahawalpur Zone #260,Bahawalpur Zone,Bahawalpur
261,29.624959,71.612482,2,Unsafe,Bahawalpur Zone #261,Bahawalpur Zone,Bahawalpur
262,29.467565,71.806555,2,Unsafe,Bahawalpur Zone #262,Bahawalpur Zone,Bahawalpur
263,30.21829,71.634405,2,Unsafe,Multan Zone #263,Multan Zone,Multan
264,30.352325,71.384712,2,Unsafe,Multan Zone #264,Multan Zone,Multan
265,25.184171,68.193572,1,Safe,Hyderabad Zone #265,Hyderabad Zone,Hyderabad
266,25.231799,68.426256,1,Safe,Hyderabad Zone #266,Hyderabad Zone,Hyderabad
267,25.428786,68.223084,2,Unsafe,Hyderabad Zone #267,Hyderabad Zone,Hyderabad
268,24.989759,67.220104,2,Unsafe,Karachi Zone #268,Karachi Zone,Karachi
269,24.750505,67.148261,2,Unsafe,Karachi Zone #269,Karachi Zone,Karachi
270,26.361567,68.12654,2,Unsafe,Sindh Interior #270,Sindh Interior,Sindh
271,26.393686,68.509124,2,Unsafe,Sindh Interior #271,Sindh Interior,Sindh
272,31.273644,74.086555,2,Unsafe,Lahore Zone #272,Lahore Zone,Lahore
273,28.465381,77.229806,2,Unsafe,Delhi / NCR #273,Delhi / NCR,Delhi
274,28.226178,73.263494,2,Unsafe,Bikaner Zone #274,Bikaner Zone,Bikaner
275,28.116757,73.119198,2,Unsafe,Bikaner Zone #275,Bikaner Zone,Bikaner
276,28.105776,73.367259,1,Safe,Bikaner Zone #276,Bikaner Zone,Bikaner
277,27.840856,73.432616,2,Unsafe,Bikaner Zone #277,Bikaner Zone,Bikaner
278,28.107632,73.595185,2,Unsafe,Rajasthan Border #278,Rajasthan Border,Rajasthan
279,27.779475,73.76773,2,Unsafe,Rajasthan Border #279,Rajasthan Border,Rajasthan
280,28.077186,73.481242,2,Unsafe,Rajasthan Border #280,Rajasthan Border,Rajasthan
281,29.36777,71.621757,2,Unsafe,Bahawalpur Zone #281,Bahawalpur Zone,Bahawalpur
282,29.402682,71.608554,1,Safe,Bahawalpur Zone #282,Bahawalpur Zone,Bahawalpur
283,29.557309,71.825049,2,Unsafe,Bahawalpur Zone #283,Bahawalpur Zone,Bahawalpur
284,29.972492,71.727354,2,Unsafe,Multan Zone #284,Multan Zone,Multan
285,30.211013,71.667918,1,Safe,Multan Zone #285,Multan Zone,Multan
286,25.493289,68.320969,2,Unsafe,Hyderabad Zone #286,Hyderabad Zone,Hyderabad
287,25.505208,68.559463,2,Unsafe,Hyderabad Zone #287,Hyderabad Zone,Hyderabad
288,25.296537,68.48869,2,Unsafe,Hyderabad Zone #288,Hyderabad Zone,Hyderabad
289,24.917178,67.092574,2,Unsafe,Karachi Zone #289,Karachi Zone,Karachi
290,24.871009,67.203962,2,Unsafe,Karachi Zone #290,Karachi Zone,Karachi
291,26.145778,68.458271,1,Safe,Sindh Interior #291,Sindh Interior,Sindh
292,26.398829,68.113998,2,Unsafe,Sindh Interior #292,Sindh Interior,Sindh
293,31.621734,74.184739,2,Unsafe,Lahore Zone #293,Lahore Zone,Lahore
294,28.534119,77.199649,2,Unsafe,Delhi / NCR #294,Delhi / NCR,Delhi
295,27.965545,73.097915,2,Unsafe,Bikaner Zone #295,Bikaner Zone,Bikaner
296,28.177929,73.166828,2,Unsafe,Bikaner Zone #296,Bikaner Zone,Bikaner
297,27.890454,73.444025,2,Unsafe,Bikaner Zone #297,Bikaner Zone,Bikaner
298,27.948152,73.481144,2,Unsafe,Bikaner Zone #298,Bikaner Zone,Bikaner
299,28.040533,73.449321,1,Safe,Rajasthan Border #299,Rajasthan Border,Rajasthan
300,27.729568,73.751628,2,Unsafe,Rajasthan Border #300,Rajasthan Border,Rajasthan
301,27.763526,73.649034,1,Safe,Rajasthan Border #301,Rajasthan Border,Rajasthan
302,29.39486,71.796174,1,Safe,Bahawalpur Zone #302,Bahawalpur Zone,Bahawalpur
303,29.485774,71.745656,2,Unsafe,Bahawalpur Zone #303,Bahawalpur Zone,Bahawalpur
304,29.39587,71.81182,2,Unsafe,Bahawalpur Zone #304,Bahawalpur Zone,Bahawalpur
305,29.966874,71.394718,2,Unsafe,Multan Zone #305,Multan Zone,Multan
306,30.236304,71.432793,2,Unsafe,Multan Zone #306,Multan Zone,Multan
307,25.4367,68.337967,2,Unsafe,Hyderabad Zone #307,Hyderabad Zone,Hyderabad
308,25.413915,68.316477,2,Unsafe,Hyderabad Zone #308,Hyderabad Zone,Hyderabad
309,25.510671,68.273856,1,Safe,Hyderabad Zone #309,Hyderabad Zone,Hyderabad
310,24.991285,66.996912,1,Safe,Karachi Zone #310,Karachi Zone,Karachi
311,24.788132,66.929295,2,Unsafe,Karachi Zone #311,Karachi Zone,Karachi
312,26.111663,68.1288,2,Unsafe,Sindh Interior #312,Sindh Interior,Sindh
313,26.266139,68.417985,2,Unsafe,Sindh Interior #313,Sindh Interior,Sindh
314,31.308317,74.172373,2,Unsafe,Lahore Zone #314,Lahore Zone,Lahore
315,28.542889,77.251063,2,Unsafe,Delhi / NCR #315,Delhi / NCR,Delhi
316,28.234473,73.321087,1,Safe,Bikaner Zone #316,Bikaner Zone,Bikaner
317,27.922349,73.130237,2,Unsafe,Bikaner Zone #317,Bikaner Zone,Bikaner
318,27.882353,73.187367,2,Unsafe,Bikaner Zone #318,Bikaner Zone,Bikaner
319,27.875749,73.091367,2,Unsafe,Bikaner Zone #319,Bikaner Zone,Bikaner
320,27.965361,73.44844,2,Unsafe,Rajasthan Border #320,Rajasthan Border,Rajasthan
321,28.163433,73.574012,2,Unsafe,Rajasthan Border #321,Rajasthan Border,Rajasthan
322,28.038838,73.381826,2,Unsafe,Rajasthan Border #322,Rajasthan Border,Rajasthan
323,29.565808,71.675895,2,Unsafe,Bahawalpur Zone #323,Bahawalpur Zone,Bahawalpur
324,29.567724,71.713329,2,Unsafe,Bahawalpur Zone #324,Bahawalpur Zone,Bahawalpur
325,29.386229,71.653211,2,Unsafe,Bahawalpur Zone #325,Bahawalpur Zone,Bahawalpur
326,30.007964,71.31812,2,Unsafe,Multan Zone #326,Multan Zone,Multan
327,30.348479,71.509978,1,Safe,Multan Zone #327,Multan Zone,Multan
328,25.544952,68.305318,2,Unsafe,Hyderabad Zone #328,Hyderabad Zone,Hyderabad
329,25.208337,68.408251,2,Unsafe,Hyderabad Zone #329,Hyderabad Zone,Hyderabad
330,25.199124,68.192139,2,Unsafe,Hyderabad Zone #330,Hyderabad Zone,Hyderabad
331,24.928278,67.011726,2,Unsafe,Karachi Zone #331,Karachi Zone,Karachi
332,25.122263,66.928303,2,Unsafe,Karachi Zone #332,Karachi Zone,Karachi
333,26.369,68.347843,2,Unsafe,Sindh Interior #333,Sindh Interior,Sindh
334,26.380833,68.176559,2,Unsafe,Sindh Interior #334,Sindh Interior,Sindh
335,31.460158,74.277732,2,Unsafe,Lahore Zone #335,Lahore Zone,Lahore
336,28.524224,77.312075,2,Unsafe,Delhi / NCR #336,Delhi / NCR,Delhi
337,28.240514,73.222421,2,Unsafe,Bikaner Zone #337,Bikaner Zone,Bikaner
338,28.074462,73.359334,2,Unsafe,Bikaner Zone #338,Bikaner Zone,Bikaner
339,28.12804,73.511416,2,Unsafe,Bikaner Zone #339,Bikaner Zone,Bikaner
340,27.888505,73.179961,2,Unsafe,Bikaner Zone #340,Bikaner Zone,Bikaner
341,28.022193,73.395676,2,Unsafe,Rajasthan Border #341,Rajasthan Border,Rajasthan
342,27.803216,73.358779,2,Unsafe,Rajasthan Border #342,Rajasthan Border,Rajasthan
343,27.726204,73.527727,2,Unsafe,Rajasthan Border #343,Rajasthan Border,Rajasthan
344,29.442215,71.586067,2,Unsafe,Bahawalpur Zone #344,Bahawalpur Zone,Bahawalpur
345,29.279164,71.77313,2,Unsafe,Bahawalpur Zone #345,Bahawalpur Zone,Bahawalpur
346,29.491344,71.659314,2,Unsafe,Bahawalpur Zone #346,Bahawalpur Zone,Bahawalpur
347,30.234323,71.71076,2,Unsafe,Multan Zone #347,Multan Zone,Multan
348,30.279523,71.576276,2,Unsafe,Multan Zone #348,Multan Zone,Multan
349,25.472532,68.545151,2,Unsafe,Hyderabad Zone #349,Hyderabad Zone,Hyderabad
350,25.366313,68.370053,2,Unsafe,Hyderabad Zone #350,Hyderabad Zone,Hyderabad
351,25.466436,68.533785,2,Unsafe,Hyderabad Zone #351,Hyderabad Zone,Hyderabad
352,25.046984,66.907134,2,Unsafe,Karachi Zone #352,Karachi Zone,Karachi
353,24.749665,67.013425,1,Safe,Karachi Zone #353,Karachi Zone,Karachi
354,26.362031,68.331143,2,Unsafe,Sindh Interior #354,Sindh Interior,Sindh
355,26.154875,68.130959,2,Unsafe,Sindh Interior #355,Sindh Interior,Sindh
356,31.534905,74.38988,2,Unsafe,Lahore Zone #356,Lahore Zone,Lahore
357,28.749204,77.150212,1,Safe,Delhi / NCR #357,Delhi / NCR,Delhi
358,28.017208,73.121199,2,Unsafe,Bikaner Zone #358,Bikaner Zone,Bikaner
359,27.812937,73.279413,2,Unsafe,Bikaner Zone #359,Bikaner Zone,Bikaner
360,27.940045,73.197666,2,Unsafe,Bikaner Zone #360,Bikaner Zone,Bikaner
361,27.836097,73.51786,1,Safe,Bikaner Zone #361,Bikaner Zone,Bikaner
362,28.101181,73.58384,2,Unsafe,Rajasthan Border #362,Rajasthan Border,Rajasthan
363,28.152854,73.774808,1,Safe,Rajasthan Border #363,Rajasthan Border,Rajasthan
364,28.027527,73.44628,2,Unsafe,Rajasthan Border #364,Rajasthan Border,Rajasthan
365,29.193104,71.795321,2,Unsafe,Bahawalpur Zone #365,Bahawalpur Zone,Bahawalpur
366,29.386725,71.748179,2,Unsafe,Bahawalpur Zone #366,Bahawalpur Zone,Bahawalpur
367,29.587233,71.53667,2,Unsafe,Bahawalpur Zone #367,Bahawalpur Zone,Bahawalpur
368,30.188398,71.580653,2,Unsafe,Multan Zone #368,Multan Zone,Multan
369,30.146277,71.336059,2,Unsafe,Multan Zone #369,Multan Zone,Multan
370,25.331582,68.274989,2,Unsafe,Hyderabad Zone #370,Hyderabad Zone,Hyderabad
371,25.47656,68.51098,2,Unsafe,Hyderabad Zone #371,Hyderabad Zone,Hyderabad
372,25.323412,68.437153,2,Unsafe,Hyderabad Zone #372,Hyderabad Zone,Hyderabad
373,24.804698,67.300337,2,Unsafe,Karachi Zone #373,Karachi Zone,Karachi
374,25.041105,67.122543,2,Unsafe,Karachi Zone #374,Karachi Zone,Karachi
375,26.229672,68.216533,2,Unsafe,Sindh Interior #375,Sindh Interior,Sindh
376,26.170473,68.511583,2,Unsafe,Sindh Interior #376,Sindh Interior,Sindh
377,31.406879,74.306568,2,Unsafe,Lahore Zone #377,Lahore Zone,Lahore
378,28.769654,77.220947,1,Safe,Delhi / NCR #378,Delhi / NCR,Delhi
379,28.039167,73.270961,1,Safe,Bikaner Zone #379,Bikaner Zone,Bikaner
380,27.879412,73.247801,2,Unsafe,Bikaner Zone #380,Bikaner Zone,Bikaner
381,28.135399,73.366434,2,Unsafe,Bikaner Zone #381,Bikaner Zone,Bikaner
382,28.136996,73.176601,2,Unsafe,Bikaner Zone #382,Bikaner Zone,Bikaner
383,27.972149,73.742453,2,Unsafe,Rajasthan Border #383,Rajasthan Border,Rajasthan
384,27.922152,73.639213,2,Unsafe,Rajasthan Border #384,Rajasthan Border,Rajasthan
385,27.779642,73.762916,2,Unsafe,Rajasthan Border #385,Rajasthan Border,Rajasthan
386,29.448992,71.562684,2,Unsafe,Bahawalpur Zone #386,Bahawalpur Zone,Bahawalpur
387,29.24627,71.702878,2,Unsafe,Bahawalpur Zone #387,Bahawalpur Zone,Bahawalpur
388,29.423513,71.496944,2,Unsafe,Bahawalpur Zone #388,Bahawalpur Zone,Bahawalpur
389,30.371516,71.705818,2,Unsafe,Multan Zone #389,Multan Zone,Multan
390,30.132652,71.34786,2,Unsafe,Multan Zone #390,Multan Zone,Multan
391,25.549464,68.349269,2,Unsafe,Hyderabad Zone #391,Hyderabad Zone,Hyderabad
392,25.497471,68.353992,2,Unsafe,Hyderabad Zone #392,Hyderabad Zone,Hyderabad
393,25.298041,68.500626,2,Unsafe,Hyderabad Zone #393,Hyderabad Zone,Hyderabad
394,25.11611,66.984679,2,Unsafe,Karachi Zone #394,Karachi Zone,Karachi
395,24.923069,67.047614,2,Unsafe,Karachi Zone #395,Karachi Zone,Karachi
396,26.439841,68.303708,2,Unsafe,Sindh Interior #396,Sindh Interior,Sindh
397,26.420697,68.463812,1,Safe,Sindh Interior #397,Sindh Interior,Sindh
398,31.349311,74.430503,1,Safe,Lahore Zone #398,Lahore Zone,Lahore
399,28.511724,77.345412,2,Unsafe,Delhi / NCR #399,Delhi / NCR,Delhi
400,28.023482,73.454247,2,Unsafe,Bikaner Zone #400,Bikaner Zone,Bikaner
401,27.922278,73.21935,2,Unsafe,Bikaner Zone #401,Bikaner Zone,Bikaner
402,28.059122,73.534506,2,Unsafe,Bikaner Zone #402,Bikaner Zone,Bikaner
403,28.015338,73.151868,2,Unsafe,Bikaner Zone #403,Bikaner Zone,Bikaner
404,27.967361,73.480306,2,Unsafe,Rajasthan Border #404,Rajasthan Border,Rajasthan
405,27.973363,73.569544,2,Unsafe,Rajasthan Border #405,Rajasthan Border,Rajasthan
406,27.929905,73.4698,2,Unsafe,Rajasthan Border #406,Rajasthan Border,Rajasthan
407,29.259894,71.768874,2,Unsafe,Bahawalpur Zone #407,Bahawalpur Zone,Bahawalpur
408,29.432309,71.560103,2,Unsafe,Bahawalpur Zone #408,Bahawalpur Zone,Bahawalpur
409,29.523995,71.474641,2,Unsafe,Bahawalpur Zone #409,Bahawalpur Zone,Bahawalpur
410,30.260117,71.612353,2,Unsafe,Multan Zone #410,Multan Zone,Multan
411,30.290134,71.468735,2,Unsafe,Multan Zone #411,Multan Zone,Multan
412,25.47366,68.494336,2,Unsafe,Hyderabad Zone #412,Hyderabad Zone,Hyderabad
413,25.616368,68.347898,2,Unsafe,Hyderabad Zone #413,Hyderabad Zone,Hyderabad
414,25.191659,68.351031,2,Unsafe,Hyderabad Zone #414,Hyderabad Zone,Hyderabad
415,24.940581,67.266365,2,Unsafe,Karachi Zone #415,Karachi Zone,Karachi
416,25.068386,67.073138,2,Unsafe,Karachi Zone #416,Karachi Zone,Karachi
417,26.261678,68.280618,2,Unsafe,Sindh Interior #417,Sindh Interior,Sindh
418,26.3501,68.25949,2,Unsafe,Sindh Interior #418,Sindh Interior,Sindh
419,31.519652,74.144463,2,Unsafe,Lahore Zone #419,Lahore Zone,Lahore
420,28.536271,77.361142,2,Unsafe,Delhi / NCR #420,Delhi / NCR,Delhi
421,27.947353,73.396717,2,Unsafe,Bikaner Zone #421,Bikaner Zone,Bikaner
422,28.087426,73.468294,2,Unsafe,Bikaner Zone #422,Bikaner Zone,Bikaner
423,28.178554,73.471704,2,Unsafe,Bikaner Zone #423,Bikaner Zone,Bikaner
424,27.966004,73.227498,2,Unsafe,Bikaner Zone #424,Bikaner Zone,Bikaner
425,28.048423,73.666731,2,Unsafe,Rajasthan Border #425,Rajasthan Border,Rajasthan
426,28.117572,73.341155,2,Unsafe,Rajasthan Border #426,Rajasthan Border,Rajasthan
427,27.755789,73.609022,2,Unsafe,Rajasthan Border #427,Rajasthan Border,Rajasthan
428,29.589418,71.903842,2,Unsafe,Bahawalpur Zone #428,Bahawalpur Zone,Bahawalpur
429,29.511045,71.650287,2,Unsafe,Bahawalpur Zone #429,Bahawalpur Zone,Bahawalpur
430,29.219299,71.740187,2,Unsafe,Bahawalpur Zone #430,Bahawalpur Zone,Bahawalpur
431,30.317661,71.494655,2,Unsafe,Multan Zone #431,Multan Zone,Multan
432,30.237301,71.701541,2,Unsafe,Multan Zone #432,Multan Zone,Multan
433,25.195696,68.483265,1,Safe,Hyderabad Zone #433,Hyderabad Zone,Hyderabad
434,25.307015,68.293678,2,Unsafe,Hyderabad Zone #434,Hyderabad Zone,Hyderabad
435,25.240506,68.364025,1,Safe,Hyderabad Zone #435,Hyderabad Zone,Hyderabad
436,24.929668,67.231634,2,Unsafe,Karachi Zone #436,Karachi Zone,Karachi
437,24.751493,66.910536,2,Unsafe,Karachi Zone #437,Karachi Zone,Karachi
438,26.416878,68.35387,2,Unsafe,Sindh Interior #438,Sindh Interior,Sindh
439,26.133373,68.485773,1,Safe,Sindh Interior #439,Sindh Interior,Sindh
440,31.289403,74.282517,2,Unsafe,Lahore Zone #440,Lahore Zone,Lahore
441,28.43929,77.039897,2,Unsafe,Delhi / NCR #441,Delhi / NCR,Delhi
442,27.799229,73.447085,2,Unsafe,Bikaner Zone #442,Bikaner Zone,Bikaner
